Title,Publish Date,Categories/Tags
"10 Common 3D Printing Mistakes for Beginners","2025-12-23","3D Printing, Beginners, Tutorial"
"3D Printing Beginner Guide (2026): First Print in 2 Hours","2025-12-24","3D Printing, Beginners, Tutorial"
"5 Quick AI Certifications You Can Finish in a Weekend (2026)","2025-12-25","Learning, Career, Tech & Gadgets"
"AI Skills That Will Get You Promoted in 2026","2025-12-26","Career, AI, Tech & Gadgets"
"Bambu A1 Mini vs Creality Ender 3 for Beginners","2025-12-27","3D Printing, Comparison, Bambu Lab, Buying Guide"
"10 Beginner Photography Mistakes to Avoid (2026)","2025-12-28","Photography, Beginners, Tutorial"
"Best 3D Printers Under $300 in 2026","2025-12-29","3D Printing, Buying Guide, Comparison"
"Best Coursera AI Courses 2026: Google vs Stanford vs IBM","2025-12-30","Learning, Tech & Gadgets"
"7 Best Cameras for Beginners in 2026 [Tested & Ranked]","2025-12-31","Photography, Cameras, Beginners, Buying Guide"
"Best Cameras Under $500 for Beginners in 2026","2026-01-01","Photography, Cameras, Buying Guide"
"7 Best Free AI Courses in 2026 (Google, IBM, OpenAI)","2026-01-02","Learning, Career, Tech & Gadgets"
"Smartphone Camera vs Dedicated Camera: Still Worth It? (2026)","2026-01-03","Photography, Cameras, Smartphones, Buying Guide"
"Canon EOS R100 vs Nikon Z50 II: Which Beginner Camera Is Better?","2026-01-04","Photography, Cameras, Comparison"
"ChatGPT for Beginners: Your First 30 Minutes (2026)","2026-01-05","ChatGPT, AI, Tutorial, Beginners"
"DSLR vs Mirrorless for Beginners (2026)","2026-01-06","Photography, Cameras, Beginners"
"Free vs Paid AI Courses: What's Actually Worth It?","2026-01-07","Learning, Buying Guide, Tech & Gadgets"
"Google AI Essentials Review: Is It Worth 10 Hours?","2026-01-08","AI, Review, Learning, Tech & Gadgets"
"Is a 3D Printer Worth It? Honest Cost Analysis 2026","2026-01-09","3D Printing, Buying Guide, Beginners"
"How to Learn AI While Looking Busy at Work","2026-01-10","Learning, Productivity, Career, Tutorial"
"25 Productive Things to Do When Bored at Work (2026)","2026-01-11","Productivity, Career, Tech & Gadgets"
"Learn Prompt Engineering in One Afternoon","2026-01-12","Prompt Engineering, ChatGPT, AI, Tutorial"
"What Should I 3D Print First? 25 Beginner Projects","2026-01-13","3D Printing, Beginners, DIY"
"Olympus PEN E-PM2 Review: A Hidden Gem for Beginners","2026-01-14","Photography, Cameras, Buying Guide, Culture"
"Buyee vs Sendico: Best Japan Proxy Service in 2026","2026-01-15","Japan Shopping"
"How to Buy from Japan: The Complete Beginner's Guide (2026)","2026-01-17","Japan Shopping, Beginners"
"15 Best Japanese Products Worth Importing (2026 Guide)","2026-01-19","Japan Shopping, Gift Ideas"
"Is a Kindle Worth It in 2026? (Honest Answer After 3 Years)","2026-01-21","Tech & Gadgets, Kindle, E-Reader, Amazon, Books"
"Kindle vs Kobo (2026): I Own Both, Here's Which to Buy","2026-01-23","Tech & Gadgets, Kindle, E-Reader, Comparison"
"Best Mechanical Keyboards for Beginners: A No-Nonsense Guide","2026-01-25","Tech & Gadgets, Home Office, Beginners"
"25 Best Tech Gifts Under $50 That Don't Feel Cheap","2026-01-27","Tech & Gadgets, Gift Ideas"
"Master AI Skills at Work: The Complete Learning Path","2026-01-28","AI, Learning, Career, Productivity, Hub Page"
"AirPods Pro 3 Review: Still Worth It in 2026?","2026-01-28","Tech & Gadgets, Apple, Review"
"Photography Buying Guide: Everything You Need to Start in 2026","2026-01-28","Photography, Cameras, Buying Guide, Beginners, Hub Page"
"AirPods Pro 3 vs Galaxy Buds vs Sony: I Tested All 3","2026-01-29","Tech & Gadgets, Comparison, Review"
"Fusion 360 vs Onshape vs Tinkercad for 3D Printing (2026)","2026-01-31","3D Printing, Software, Tutorial, Career"
"Claude vs ChatGPT 2026: Which AI Is Actually Better?","2026-02-02","AI, ChatGPT, Claude, Productivity, Comparison"
"How to Sell 3D Prints Online: Platforms, Pricing & Tips","2026-02-03","3D Printing, Business"
"ChatGPT Plus vs Free: Is $20/Month Actually Worth It?","2026-02-04","AI, ChatGPT, Productivity, Comparison"
"Perplexity AI Guide: Search That Answers Questions","2026-02-05","AI, Perplexity, Productivity, Tech & Gadgets"
"Pixel 10a vs 9a: Should You Wait or Buy Now?","2026-02-05","AI, Android, Smartphones, Comparison"
"Samsung Galaxy S26 Rumors: Everything We Know So Far","2026-02-06","Tech & Gadgets, Android"
"ClawDBot (OpenClaw): Self-Hosted AI Assistant Guide","2026-02-07","AI, Software, Hardware, DIY"
"Google Gemini Review: Is It Better Than ChatGPT in 2026?","2026-02-07","AI, Gemini, Productivity, Review"
"15 AI Tools That Replace Office Busywork (2026)","2026-02-08","AI, Productivity, Home Office"
"macOS Tahoe: 25 Tips, Tricks & Hidden Features","2026-02-09","Tech & Gadgets, Apple, Productivity"
"ChatGPT for Excel: Formulas, Analysis & Automation","2026-02-10","AI, ChatGPT, Productivity"
"I Let Claude Plan Our Dubai Trip, Here's How It Went","2026-02-11","AI, Travel, Claude, AI Travel"
"Microsoft Copilot Review: Is It Worth $30/Month?","2026-02-11","AI, Productivity, Review"
"10 Things You Should 3D Print First (New Printer)","2026-02-12","3D Printing, Beginners, Productivity, Home Office"
"RapidRAW: The Open-Source Lightroom Alternative","2026-02-12","Photography, Software, Coding, Hardware"
"ChatGPT Custom Instructions: Best Practices + Templates (2026)","2026-02-13","AI, ChatGPT, Productivity, Tutorial"
"6 Best AI Meeting Assistants in 2026 (Free & Paid)","2026-02-14","AI, Productivity, AI Tools, Comparison"
"Ray-Ban Meta Smart Glasses Review After 2 Weeks of Use","2026-02-14","Tech & Gadgets, Review"
"I Let AI Plan My London Weekend, Here's What Actually Happened","2026-02-15","AI, Travel"
"Pearcleaner: The Ultimate Homebrew and App Management Guide","2026-02-15","Tech & Gadgets, Apple, Software"
"Best AI Presentation Makers in 2026: Ranked & Tested","2026-02-16","AI, Productivity, AI Tools, Comparison"
"Notion AI vs Obsidian AI: Which Is Better in 2026?","2026-02-17","AI, Productivity, Comparison"
"Kindle Modding Wiki: Every Jailbreak, Mod & KOReader Setup (2026)","2026-02-18","Tech & Gadgets, Kindle, E-Reader"
"PLA vs PETG vs ABS: Choosing the Right 3D Filament","2026-02-19","3D Printing, Comparison"
"How to Use AI at Work Safely: A Practical 2026 Guide","2026-02-20","AI, Productivity, Privacy, Career"
"Cura Settings for Beginners: The Only Guide You Need","2026-02-21","3D Printing, Tutorial"
"Grammarly vs Jasper vs Claude: Best AI Writing Tools (2026)","2026-02-23","AI, Writing, AI Tools, Productivity, Comparison"
"3D Print Not Sticking to Bed? Every Fix You Need","2026-02-24","3D Printing, Tutorial"
"30 Best Free macOS Apps in 2026 (+ Homebrew Guide)","2026-02-25","Tech & Gadgets, Apple, Software, Productivity"
"9 Best AI Chrome Extensions for Productivity (2026)","2026-02-26","AI, AI Tools, Productivity, Software"
"Best AI Tools for Work in 2026 (20+ Tools Reviewed)","2026-02-27","AI, Productivity, ChatGPT, Claude, Gemini, Hub Page"
"Best Sites for Free 3D Models & STL Files (2026)","2026-02-27","3D Printing"
"How to Learn AI in 2026: The Complete Roadmap","2026-02-27","AI, Learning, Career, Hub Page"
"3D Printing Guide 2026: Everything You Need to Know","2026-02-28","3D Printing, Beginners, Tutorial, Hub Page"
"AI Travel Planning: Complete Guide to AI Trip Planning","2026-02-28","AI, Travel, ChatGPT, Hub Page"
"ChatGPT Power User Guide 2026: Advanced Tips & Workflows","2026-02-28","ChatGPT, AI, Productivity, Hub Page"
"Your First AI-Planned Trip with ChatGPT (2026)","2026-03-01","AI, Travel, ChatGPT, Tutorial, Beginners, AI Travel"
"Desk Upgrade Guide: Build Your Perfect Home Office","2026-03-01","Home Office, Standing Desks, Ergonomics, Hub Page"
"Photography for Beginners: The Complete Guide (2026)","2026-03-01","Photography, Cameras, Beginners, Tutorial, Hub Page"
"FDM vs Resin 3D Printing: Which One Should You Choose?","2026-03-02","3D Printing, Comparison, Buying Guide"
"Microsoft Copilot in Word: Complete Tutorial (2026)","2026-03-03","AI, Productivity"
"ChatGPT for Stock Research: 10 Prompts I Actually Use","2026-03-04","ChatGPT, Investing, AI, Finance"
"8 Best Free Investing Courses and Resources (2026)","2026-03-05","Investing, Learning, Finance, Beginners"
"AI for Email Writing: Templates, Tools & Prompts That Work","2026-03-06","AI, Writing, Productivity, ChatGPT"
"7 Best WFH Monitors in 2026, Tested & Ranked","2026-03-09","Home Office, Monitors, Productivity, Tutorial"
"Best AI PDF Summarizers (2026): Chat With Your Documents","2026-03-11","AI, AI Tools, Productivity"
"Claude AI Planned My Málaga & Marbella Trip (2026)","2026-03-11","AI, Travel, Claude, AI Travel"
"Planning a Malaysia Trip with ChatGPT: What Worked","2026-03-13","AI, Travel, ChatGPT, AI Travel"
"7 Best Webcams for Working From Home (I Tested Them)","2026-03-16","Home Office, Productivity, Buying Guide"
"ChatGPT for Travel Planning: 19 Prompts That Actually Work","2026-03-18","AI, Travel, ChatGPT, Prompt Engineering, AI Travel"
"9 AI Travel Planning Mistakes to Avoid (2026)","2026-03-20","AI, Travel, ChatGPT, Tutorial, AI Travel"
"Sesame Robot: The Most Adorable DIY Quadruped You Can 3D Print","2026-03-22","3D Printing, DIY, Software"
"Best Standing Desks Under $600 (2026): Tested & Compared","2026-03-23","Home Office, Standing Desks, Productivity, Buying Guide"
"OpenSCAD for Beginners: Design 3D Prints with Code (2026 Guide)","2026-03-23","3D Printing, Software, Tutorial"
"Cheap Manual Lenses for Beginners: 7Artisans & TTArtisan","2026-03-24","Photography, Cameras, Beginners"
"7 Best Monitor Light Bars (2026), I Tested Them All","2026-03-25","Home Office, Buying Guide"
"RFID Record Player: Play Spotify with Physical Vinyl","2026-03-26","3D Printing, DIY, Software"
"Best Office Chairs for Long Hours (2026): Tested & Compared","2026-03-27","Home Office, Ergonomics, Buying Guide"
"10 Best Kindle Accessories Actually Worth Buying in 2026","2026-03-29","Tech & Gadgets, Kindle, E-Reader, Amazon"
"7 Best Paper Trading Apps (I Tested Them All)","2026-03-30","Investing, Finance, Beginners"
"How to Get Free Kindle Books in 2026 (7 Legal Ways)","2026-03-31","Tech & Gadgets, Kindle, E-Reader, Books"
"Gemini CLI Guide: How to Use Google's AI in Your Terminal","2026-03-31","AI, Gemini, Coding, Productivity"
"Claude AI Review 2026: Is It Better Than ChatGPT Now?","2026-04-01","Claude, AI, Review, ChatGPT"
"Kindle Paperwhite vs Kobo Clara BW: Which One to Buy?","2026-04-02","Tech & Gadgets, Kindle, E-Reader, Comparison"
"15 Must-Have 3D Printing Accessories for Every Maker","2026-04-02","3D Printing, DIY, Beginners"
"Best Monitor Arms 2026: Single & Dual Options Compared","2026-04-03","Home Office, Buying Guide"
"Best E-Readers in 2026: Every Major Option Compared","2026-04-05","Tech & Gadgets, Kindle, E-Reader, Buying Guide"
"How Gemini CLI Changed My Daily Coding Workflow Forever","2026-04-05","AI Tools, Coding, Gemini, Productivity"
"OrcaSlicer: The Best 3D Printing Slicer You're Not Using (Yet)","2026-04-06","3D Printing, Tutorial, Career"
"15 Kindle Tips and Tricks You Probably Didn't Know","2026-04-07","Tech & Gadgets, Kindle, E-Reader, Tutorial, Productivity"
"7 Best Investing Apps for Beginners (I Use 3 Daily)","2026-04-08","Investing, Finance, Beginners"
"Cable Management Tips: How to Hide Desk Cables (2026 Guide)","2026-04-10","Home Office, Tutorial"
"10 Practical Desk Upgrades You Can 3D Print for Under $1","2026-04-12","3D Printing, Home Office, Productivity, DIY"
"10 Best ChatGPT Alternatives (2026): Free and Paid Options","2026-04-13","AI, ChatGPT, Claude, Gemini, Perplexity"
"Bambu Lab X2D Review: $649 Dual-Nozzle Heated Chamber","2026-04-14","3D Printing, Bambu Lab, Review, Hardware"
"Anycubic S1 Max vs Snapmaker U1: Multi-Color Showdown","2026-04-15","3D Printing, Review"
"Best AI Trip Planners 2026: 9 Tools Compared","2026-04-15","AI, Travel, Review, AI Travel"
"The Complete Kindle Guide (2026): Setup, Books, Tips & Tricks","2026-04-15","Kindle, E-Reader, Books, Tutorial, Hub Page"
"7 Best USB-C Docking Stations for Home Office (2026)","2026-04-17","Home Office, Productivity"
"TRMNL: The E-Ink Dashboard That Reclaims Your Desk and Focus","2026-04-18","Tech & Gadgets, Productivity, Lifestyle, Home Office"
"VS Code vs. Antigravity: The Agentic Workspace in 2026","2026-04-19","AI, Coding"
"7 Best Ergonomic Mice for Work & Productivity (2026)","2026-04-20","Tech & Gadgets, Ergonomics, Home Office"
"Claude vs ChatGPT for Travel Planning (2026)","2026-04-22","AI, Travel, ChatGPT, Claude, AI Travel"
"3D Printing for Coffee Nerds: Espresso Mods & Organization","2026-04-23","3D Printing, Home Office"
"7 Best Noise-Canceling Headphones for Office & WFH (2026)","2026-04-24","Tech & Gadgets, Home Office"
"The $599 Experiment: A Month with the MacBook Neo","2026-04-25","Apple, Review, Productivity"
"Polymarket vs Kalshi (2026): I Tried Both, Here's My Pick","2026-04-26","Prediction Markets, Finance, Investing"
"Free AI Tools for Budget Travel Planning (2026)","2026-04-27","AI, Travel, Buying Guide, AI Tools, AI Travel"
"Synology vs. QNAP vs. Ugreen vs. DIY NAS in 2026","2026-04-28","Hardware"
"7 Best Desk Mats for Home Office (I Tested Them All)","2026-04-29","Home Office, Buying Guide"
"Why Your Best Productivity Hack Is a Fantasy Novel","2026-04-30","Productivity, Books, Lifestyle, Career"
"7 Best Laptop Stands for Home Office (2026) [Tested]","2026-05-01","Home Office, Buying Guide"
"AI Packing Lists & Travel Checklists (2026)","2026-05-04","AI, Travel, Productivity, AI Travel"
"Bambu Lab H2 Series in 2026: Does It Still Matter?","2026-05-05","3D Printing, Bambu Lab, Review"
"Dual Monitor Setup: Cables, Settings & Ergonomics (2026)","2026-05-06","Home Office, Monitors, Productivity, Tutorial"
"Is Kindle Unlimited Worth It? I Did the Math (2026)","2026-05-07","Kindle, E-Reader, Amazon, Books"
"7 Best Under-Desk Footrests for Home Office (2026)","2026-05-08","Home Office, Ergonomics, Buying Guide"
"AI Planned My Solo Istanbul Trip, Here's What I Actually Did","2026-05-09","AI Travel, Travel, ChatGPT"
"Justway Review 2026: Is This 3D Printing Service Worth It?","2026-05-10","3D Printing, Business, Review, DIY"
"Google Gemini for Travel Planning: The Real-Time Advantage","2026-05-11","AI, Travel, Gemini, AI Travel"
"Bambu Studio Filament Mixing: Full-Color Prints, No AMS","2026-05-12","3D Printing, Bambu Lab, Tutorial"
"Perplexity AI for Travel Research: Better Than Google?","2026-05-13","AI, Travel, Perplexity, AI Travel"
"Kindle vs iPad for Reading: Which One Should You Get? (2026)","2026-05-14","Kindle, E-Reader, Apple, Comparison, Books"
"Investing Tools Guide: Everything You Need to Start (2026)","2026-05-15","Investing, Finance, Beginners, Hub Page"
"How to Convince Your Wife You Need a 3D Printer","2026-05-16","3D Printing, Lifestyle, Home Office, Productivity"
"5 Essential Mac Apps You Didn't Know You Needed (2026 Edition)","2026-05-17","Apple, Productivity, Software, Career"
"Kindle Scribe Review: Is It Worth It for Work Notes? (2026)","2026-05-18","Kindle, E-Reader, Amazon, Review, Productivity"
"The Most Inspiring Podcasts to Fuel Your Productivity in 2026","2026-05-19","Lifestyle, Productivity, Podcasts, Career"
"Build an AI Flight Search Agent (No Coding)","2026-05-20","AI, Travel, Automation, Tutorial, AI Travel"
"How to Sideload Books on Kindle: Every Method Explained (2026)","2026-05-21","Kindle, E-Reader, Tutorial, Books"
"7 Best Free Stock Screeners for 2026 (Tested & Ranked)","2026-05-22","Investing, Finance, Beginners"
"Google Gemini 2026: The New Features You Need to Try","2026-05-23","AI, Gemini, Productivity, Tech & Gadgets, Software"
"How to Improve Your Sports and Lifestyle with AI","2026-05-24","AI, Health, Lifestyle, Productivity"
"How I'm Using AI to Plan My Southeast Asia Trip (November 2026)","2026-05-25","AI, Travel, Japan Shopping, AI Travel"
"Why You Need a VPN in 2026: The Ultimate Guide to Digital Privacy","2026-05-26","Privacy, Tech & Gadgets, Home Office"
"7 Best Crypto Portfolio Trackers (I Tested Them All)","2026-05-27","Cryptocurrency, Investing, Finance"
"The Top 5 VPN Providers of 2026: A Comprehensive Review","2026-05-28","Privacy, Review, Tech & Gadgets"
"7 Best Stock News Apps (I Check These Before Coffee)","2026-05-29","Investing, Finance"
"Antigravity 2 with Gemini 3.5: The AI Coding Assistant","2026-05-30","AI, Gemini, Productivity, Tech & Gadgets, Software, Coding"
"AI Smart Appliances: How the AI Kitchen Reclaims Your 5-to-9","2026-05-31","Smart Home, AI, Tech & Gadgets, Productivity"
"AI Trip Planning: Japan - The Complete Guide for 2026","2026-06-01","AI, Travel, Japan Shopping, AI Travel"
"How Prediction Markets Work: A Beginner's Guide (2026)","2026-06-03","Prediction Markets, Investing, Finance"
"AI Trip Planning: Vietnam - The Complete Guide for 2026","2026-06-05","AI, Travel, AI Travel"
"AI-Powered Fitness Trackers Guide (2026)","2026-06-06","AI, Health, Tech & Gadgets"
"iPad vs. Android Tablet: Which Should You Buy in 2026?","2026-06-07","Tech & Gadgets, Apple, Android, Buying Guide"
"7 Best Dividend Tracker Apps in 2026 (Free & Paid)","2026-06-08","Investing, Finance"
"Best ChatGPT Plugins in 2026 Are Now Custom GPTs (Top 12)","2026-06-10","AI, ChatGPT, Productivity"
"PETG-CF Filament Guide 2026: Settings, Printers & When to Use It","2026-06-12","3D Printing"
"Siri AI & Apple Intelligence Guide (2026)","2026-06-13","AI, Apple"
"Install iOS 27 & macOS 27 Developer Betas Guide","2026-06-14","Apple"
"ChatGPT for Email: 9 Templates That Actually Work in 2026","2026-06-15","AI, ChatGPT, Writing, Productivity"
"5 AI Browser Extensions to Supercharge Your Daily Workflow","2026-06-16","AI, Productivity, Software, Tech & Gadgets, Learning"
"Bambu Lab X2D vs P1S (2026): Which Should You Buy?","2026-06-17","3D Printing, Bambu Lab, Comparison, Buying Guide"
"Android 17 Features & Release Guide (2026)","2026-06-18","Android, Tech & Gadgets, AI"
"How Much Does 3D Printing Cost? Complete Breakdown (2026)","2026-06-19","3D Printing, Buying Guide, Beginners"
"15 ChatGPT Custom Instructions Templates You Can Copy Right Now","2026-06-20","AI, ChatGPT, Productivity, Tutorial"
"20 Best Functional 3D Prints That Are Actually Useful (2026)","2026-06-21","3D Printing, Home Office, Productivity, DIY"
"Bambu Lab A2L: Specs, Price & Who It's For (2026)","2026-06-22","3D Printing, Bambu Lab, Review, Hardware"
"Secretlab Titan Evo vs Herman Miller Aeron (2026)","2026-06-23","Home Office, Ergonomics"
"Why a Great Lens Beats a Pro Camera Body in 2026","2026-06-24","Photography, Buying Guide, Cameras, Review"
"Standing Desk vs Sitting Desk: What Science Says","2026-06-25","Home Office, Standing Desks, Ergonomics"
"Best Kindle Cases 2026: Tested Picks for Every Model","2026-06-26","Kindle, E-Reader, Buying Guide, Amazon"
"Ultrawide vs Dual Monitors: Which Setup Wins?","2026-06-27","Home Office, Monitors, Productivity"
"Advanced AI Courses for 2026: Agentic Workflows & Local LLMs","2026-06-28","AI, Learning, Tech & Gadgets, Career"
"AI Tools for 3D Printing: Revolutionizing Your Workflow in 2026","2026-06-29","3D Printing, AI, Tech & Gadgets, Tutorial, Productivity"
"The ROI of AI: Measuring the True Value of Your 2026 AI Workflow","2026-06-30","AI, Productivity, Business"
"The Threat of AI for Jobs: Separating Myth from Reality","2026-07-01","AI, Career, Tech & Gadgets"
"How to Use AI in Google Sheets (Practical Guide)","2026-07-02","AI Tools, Productivity, Gemini"
"How to Never Be Bored at Work Again","2026-07-03","Productivity, Career, Health, Lifestyle"
"12 Best Custom GPTs for Productivity at Work (2026)","2026-07-04","ChatGPT, AI Tools, Productivity, Career"
"The Golden Age of $500 3D Printers: Turn-key vs. DIY","2026-07-05","3D Printing, Hardware, DIY, Review, Tech & Gadgets, Bambu Lab"
"Dumb Phones for Deep Work: Reclaiming Focus in 2026","2026-07-06","Productivity, Tech & Gadgets, Lifestyle"
"How to Use AI for Job Interview Prep: Full Guide","2026-07-07","AI Tools, Productivity, ChatGPT, Career"
"AI, Social Media & the Danger to the Older Generation","2026-07-08","AI, Culture, Privacy, Tech & Gadgets"
"The Ultimate Guide: What to Pack in a Traveling Backpack","2026-07-09","Travel, Buying Guide"
"How to Analyze Your Investment Portfolio With ChatGPT and Claude","2026-07-10","AI Tools, Investing, ChatGPT, Finance"
"The Death of Glass: Computational Photography vs. The Real Camera","2026-07-11","Photography, Smartphones, Tech & Gadgets, AI, Review"
"Burnout vs. Boreout: The Silent Killers of Your Career","2026-07-12","Career, Health, Productivity, Culture, Lifestyle"
"Build a Custom AI Assistant for Your Home Office (No Code)","2026-07-13","AI, Home Office, ChatGPT, Automation, Productivity"
"How to Use AI to Analyze Earnings Calls (Free Workflow)","2026-07-14","AI Tools, Investing, ChatGPT, Finance"
"Phone Skins vs Cases: Which Is Best for Your Device in 2026?","2026-07-15","Tech & Gadgets, Smartphones, Review"
"Why Boredom Is Good For You: The Hidden Power of Doing Nothing","2026-07-16","Health, Productivity, Lifestyle"
"AI vs. Traditional Stock Screeners: Which One Should You Use?","2026-07-17","AI Tools, Investing, ChatGPT, Finance"
"The Best Programming Languages to Learn in 2026 for Every Goal","2026-07-18","Coding, Career, Learning"
"Are Search Engines Dying? How AI Is Replacing Search in 2026","2026-07-19","AI, Tech & Gadgets"
"Efficient Commute Guide: Reclaim Your Time Before Work","2026-07-20","Productivity, Career, Lifestyle"
"ChatGPT vs Claude vs Gemini: Which AI Should You Use in 2026?","2026-07-21","AI Tools, ChatGPT, Claude, Gemini, Comparison"
"The Top 10 Must-Have Gadgets to Upgrade Your Commute in 2026","2026-07-22","Tech & Gadgets, Lifestyle, Productivity"
"What is 'AI Slop' and Why is the Internet Revolting Against It?","2026-07-23","AI, Culture, Tech & Gadgets"
"7 Repetitive Office Tasks You Can Automate With AI Right Now","2026-07-24","AI Tools, Productivity, Automation, ChatGPT, Career"
"GTA 6: The Most Anticipated Game of the Decade","2026-07-25","Culture"
"Gen Z Is Ditching AirPods for Vintage Digital Cameras",""2026-07-26"","Tech & Gadgets, Culture, Photography"
"How the AI Boom Is Driving Up Hardware Prices (2026)",""2026-07-27"","AI, Tech & Gadgets, Hardware"
"Home Office Lighting Guide: Reduce Eye Strain (2026)","2026-07-28","Home Office, Productivity"
"AI Assisted Shopping: The 2026 Guide to Smarter Buying","2026-07-29","AI Tools, Tech & Gadgets, Productivity"
"Withings Smartwatches in 2026: Lineup & Rumors","2026-07-30","Tech & Gadgets, Health, Review"
"Best Desk Shelves and Organizers for a Clean Home Office (2026)","2026-07-31","Home Office, Buying Guide"
"Are Search Engines Dying? How AI Is Replacing SEO in 2026",""2026-08-01"","SEO, AI, Tech & Gadgets, Tutorial, Marketing"
"Printing with TPU & Flexible Filaments: A 2026 Guide for Beginners","2026-08-02","3D Printing, Beginners, Tutorial, Hardware"
"Antigravity CLI Guide: The Ultimate AI Agent for Your Terminal","2026-08-03","AI, Gemini, Coding, Productivity, Software"
"Kindle Colorsoft vs Paperwhite (2026): Is Color Worth It?","2026-08-04","Tech & Gadgets, Kindle, E-Reader, Comparison, Buying Guide"
"Best Kindle for Students 2026: Which Model to Buy","2026-08-07","Tech & Gadgets, Kindle, E-Reader, Learning, Buying Guide"
"How to Install KOReader on a Kindle (2026 Guide)","2026-08-11","Tech & Gadgets, Kindle, Tutorial"
"AI Trip Planning: Cambodia - The Complete Guide for 2026","2026-08-14","AI, Travel, AI Travel"
"AI in Photography: The Complete 2026 Workflow Guide","2026-08-17","Photography, AI, Tutorial"
"Kindle Won't Turn On or Charge? 9 Fixes That Work","2026-08-20","Tech & Gadgets, Kindle, E-Reader, Tutorial"
"Japan vs Vietnam vs Cambodia: Which Should You Visit in 2026?","2026-08-24","AI, Travel, Japan Shopping, AI Travel"
"Home Office Setup Guide: $500, $1,000, and $2,000 Builds","2026-08-25","Home Office, Tutorial"
"Sensor Sizes: Full Frame vs. APS-C vs. Micro Four Thirds","2026-08-27","Photography, Cameras, Tech & Gadgets"
"Fitbit Air vs. WHOOP: Screenless Tracking Compared 2026","2026-08-29","Health, Tech & Gadgets"
"How to Read Stock Charts: A Beginner's Guide (2026)","2026-09-01","Investing, Beginners, Finance"
"Best Finance YouTube Channels for Every Level (2026)","2026-09-04","Investing, Finance, Culture, Learning, Beginners"
"12 Best Finance Subreddits for Investors (2026 Guide)","2026-09-08","Investing, Culture, Finance, Learning"
"8 Best Investing Podcasts for Beginners and Beyond (2026)","2026-09-11","Investing, Podcasts, Finance, Learning"